{
  "todos": [
    {
      "id": 2,
      "title": "css",
      "description": "",
      "done": "false",
      "sectionId": 1
    },
    {
      "title": "yc",
      "description": "cy",
      "sectionId": 1,
      "done": true,
      "id": 4
    },
    {
      "done": true,
      "id": 5
    },
    {
      "title": "fff",
      "description": "fff",
      "sectionId": 2,
      "done": true,
      "id": 6
    },
    {
      "title": "sss",
      "description": "sss",
      "sectionId": 2,
      "done": true,
      "id": 7
    },
    {
      "done": true,
      "id": 9
    },
    {
      "title": "hhhhhhhhhhhhhhhhhhhhhh",
      "description": "",
      "sectionId": 1,
      "done": true,
      "id": 12
    },
    {
      "title": "wohnzimmer",
      "description": "",
      "sectionId": 1,
      "done": true,
      "id": 16
    },
    {
      "title": "wohnzimmer",
      "description": "",
      "sectionId": 1,
      "done": false,
      "id": 17
    }
  ],
  "sections": [
    {
      "id": 1,
      "title": "learnen"
    },
    {
      "id": 2,
      "title": "clean"
    }
  ]
}